{
  "JobTemplate": "arn:aws:mediaconvert:us-east-1:585391604912:jobTemplates/System-Ott_Hls_Ts_Avc_Aac",
  "Queue": "arn:aws:mediaconvert:us-east-1:585391604912:queues/Default",
  "UserMetadata": {},
  "Role": "arn:aws:iam::585391604912:role/mediainforole",
  "Settings": {
    "OutputGroups": [
      {
        "Name": "Apple HLS",
        "Outputs": [
          {
            "Preset": "System-Ott_Hls_Ts_Avc_Aac_16x9_480x270p_15Hz_0.4Mbps",
            "NameModifier": "_Ott_Hls_Ts_Avc_Aac_16x9_480x270p_15Hz_400Kbps"
          },
          {
            "Preset": "System-Ott_Hls_Ts_Avc_Aac_16x9_640x360p_30Hz_0.6Mbps",
            "NameModifier": "_Ott_Hls_Ts_Avc_Aac_16x9_640x360p_30Hz_600Kbps"
          },
          {
            "Preset": "System-Ott_Hls_Ts_Avc_Aac_16x9_640x360p_30Hz_1.2Mbps",
            "NameModifier": "_Ott_Hls_Ts_Avc_Aac_16x9_640x360p_30Hz_1200Kbps"
          },
          {
            "Preset": "System-Ott_Hls_Ts_Avc_Aac_16x9_960x540p_30Hz_3.5Mbps",
            "NameModifier": "_Ott_Hls_Ts_Avc_Aac_16x9_960x540p_30Hz_3500Kbps"
          },
          {
            "Preset": "System-Ott_Hls_Ts_Avc_Aac_16x9_1280x720p_30Hz_3.5Mbps",
            "NameModifier": "_Ott_Hls_Ts_Avc_Aac_16x9_1280x720p_30Hz_3500Kbps"
          },
          {
            "Preset": "System-Ott_Hls_Ts_Avc_Aac_16x9_1280x720p_30Hz_5.0Mbps",
            "NameModifier": "_Ott_Hls_Ts_Avc_Aac_16x9_1280x720p_30Hz_5000Kbps"
          },
          {
            "Preset": "System-Ott_Hls_Ts_Avc_Aac_16x9_1280x720p_30Hz_6.5Mbps",
            "NameModifier": "_Ott_Hls_Ts_Avc_Aac_16x9_1280x720p_30Hz_6500Kbps"
          },
          {
            "Preset": "System-Ott_Hls_Ts_Avc_Aac_16x9_1920x1080p_30Hz_8.5Mbps",
            "NameModifier": "_Ott_Hls_Ts_Avc_Aac_16x9_1920x1080p_30Hz_8500Kbps"
          }
        ],
        "OutputGroupSettings": {
          "Type": "HLS_GROUP_SETTINGS",
          "HlsGroupSettings": {
            "ManifestDurationFormat": "INTEGER",
            "SegmentLength": 3,
            "TimedMetadataId3Period": 10,
            "CaptionLanguageSetting": "OMIT",
            "Destination": "s3://mediainfotest/output/",
            "TimedMetadataId3Frame": "PRIV",
            "CodecSpecification": "RFC_4281",
            "OutputSelection": "MANIFESTS_AND_SEGMENTS",
            "ProgramDateTimePeriod": 600,
            "MinSegmentLength": 0,
            "DirectoryStructure": "SINGLE_DIRECTORY",
            "ProgramDateTime": "EXCLUDE",
            "SegmentControl": "SEGMENTED_FILES",
            "ManifestCompression": "NONE",
            "ClientCache": "ENABLED",
            "StreamInfResolution": "INCLUDE"
          }
        }
      }
    ],
    "AdAvailOffset": 0,
    "Inputs": [
      {
        "AudioSelectors": {
          "Audio Selector 1": {
            "Offset": 0,
            "DefaultSelection": "DEFAULT",
            "ProgramSelection": 1
          }
        },
        "VideoSelector": {
          "ColorSpace": "FOLLOW",
          "Rotate": "DEGREE_0"
        },
        "FilterEnable": "AUTO",
        "PsiControl": "USE_PSI",
        "FilterStrength": 0,
        "DeblockFilter": "DISABLED",
        "DenoiseFilter": "DISABLED",
        "TimecodeSource": "EMBEDDED",
        "FileInput": "s3://mediainfotest/SampleVideo_1280x720_1mb.mp4"
      }
    ]
  },
  "StatusUpdateInterval": "SECONDS_60",
  "Priority": 0
}